[
    {
        "ParameterKey": "AvailabilityZones",
        "ParameterValue": [
            "us-east-1a",
            "us-east-1b"
          ]
    },
    {
        "ParameterKey": "KeyPairName",
        "ParameterValue": "aws-qs-tc-all"
    },
      {
          "ParameterKey": "BitbucketVersion",
          "ParameterValue": "6.10.0"
      },
      {
          "ParameterKey": "DBMasterUserPassword",
          "ParameterValue": "Qv6i4*tQ"
      },
      {
          "ParameterKey": "BitbucketAdminPassword",
          "ParameterValue": "Qv6i4*tQ"
      },
      {
          "ParameterKey": "AccessCIDR",
          "ParameterValue": "10.0.0.0/0"
      },
      {
          "ParameterKey": "DBMultiAZ",
          "ParameterValue": "false"
      },
      {
          "ParameterKey": "DBInstanceClass",
          "ParameterValue": "db.t2.large"
      },
      {
          "ParameterKey": "DBIops",
          "ParameterValue": "1000"
      },
      {
          "ParameterKey": "DBPassword",
          "ParameterValue": "Qv6i4*tQ"
      },
      {
          "ParameterKey":"QSS3BucketName",
          "ParameterValue":"aws-quickstart"
      },
      {
          "ParameterKey":"QSS3KeyPrefix",
          "ParameterValue":"quickstart-atlassian-bitbucket/"
      },
      {
          "ParameterKey": "ExportPrefix",
          "ParameterValue": "BtzvvEQ3NNNB"
      },
      {
          "ParameterKey": "BastionHostRequired",
          "ParameterValue": "false"
      }
  ]
  